Paracetamol, Panadol
Paracetamol, Tylenol
Paracetamol, Calpol
Paracetamol, Crocin
Paracetamol, Excedrin
Paracetamol, Mapap
Paracetamol, Ofirmev
Paracetamol, Feverall
Paracetamol, Acephen
Paracetamol, Tempra
Amoxicillin, Amoxil
Amoxicillin, Trimox
Amoxicillin, Moxatag
Amoxicillin, Biomox
Amoxicillin, Polymox
Amoxicillin, Larotid
Amoxicillin, Alphamox
Amoxicillin, Amoxsan
Amoxicillin, Amoxycure
Amoxicillin, Amoxipen
Ibuprofen, Advil
Ibuprofen, Motrin
Ibuprofen, Nurofen
Ibuprofen, Brufen
Ibuprofen, Midol
Ibuprofen, Genpril
Ibuprofen, Caldolor
Ibuprofen, NeoProfen
Ibuprofen, Ibuprin
Ibuprofen, Ibugesic
Metronidazole, Flagyl
Metronidazole, Metrogel
Metronidazole, Noritate
Metronidazole, Vandazole
Metronidazole, Metizol
Metronidazole, Trikozol
Metronidazole, Protostat
Metronidazole, Nidagel
Metronidazole, Efloran
Metronidazole, Rozex
Ciprofloxacin, Cipro
Ciprofloxacin, Ciloxan
Ciprofloxacin, Cetraxal
Ciprofloxacin, Proquin XR
Ciprofloxacin, Ciplox
Ciprofloxacin, Ciprolet
Ciprofloxacin, Ciprobay
Ciprofloxacin, Ciprex
Ciprofloxacin, Ciprobid
Ciprofloxacin, Ciprodar
Atenolol, Tenormin
Atenolol, Atenix
Atenolol, Betacard
Atenolol, Atenorm
Atenolol, Noten
Atenolol, Tenoretic
Atenolol, Aten
Atenolol, Atenova
Atenolol, Cardonol
Atenolol, Normaten
Salbutamol, Ventolin
Salbutamol, Proventil
Salbutamol, Airomir
Salbutamol, Salamol
Salbutamol, Asthalin
Salbutamol, Respiclick
Salbutamol, ProAir
Salbutamol, Accuneb
Salbutamol, Aerolin
Salbutamol, Butalin
Ceftriaxone, Rocephin
Ceftriaxone, Cefaxone
Ceftriaxone, Lendacin
Ceftriaxone, Monocef
Ceftriaxone, Ceftron
Ceftriaxone, Ceftriaxon
Ceftriaxone, Triaxone
Ceftriaxone, Ceftriax
Ceftriaxone, Ceftrisol
Ceftriaxone, Cefzon
Omeprazole, Prilosec
Omeprazole, Losec
Omeprazole, Omez
Omeprazole, Zegerid
Omeprazole, Ocid
Omeprazole, Lomac
Omeprazole, Omepral
Omeprazole, Omezol
Omeprazole, Omezec
Omeprazole, Acimax
Furosemide, Lasix
Furosemide, Frusemide
Furosemide, Frusid
Furosemide, Fumide
Furosemide, Uremide
Furosemide, Diuride
Furosemide, Frumex
Furosemide, Lasilactone
Furosemide, Loopil
Furosemide, Salix
Doxycycline, Vibramycin
Doxycycline, Doryx
Doxycycline, Doxylin
Doxycycline, Doxitab
Doxycycline, Doxy-1
Doxycycline, Monodox
Doxycycline, Alodox
Doxycycline, Oracea
Doxycycline, Doxyhexal
Doxycycline, Vibra-Tabs
Metformin, Glucophage
Metformin, Glumetza
Metformin, Fortamet
Metformin, Riomet
Metformin, Obimet
Metformin, Dianben
Metformin, Siofor
Metformin, Glyciphage
Metformin, Metforal
Metformin, Glucored
Hydrochlorothiazide, Microzide
Hydrochlorothiazide, Hydrodiuril
Hydrochlorothiazide, Esidrix
Hydrochlorothiazide, Apo-Hydro
Hydrochlorothiazide, Dichlotride
Hydrochlorothiazide, Urozide
Hydrochlorothiazide, HydroSaluric
Hydrochlorothiazide, Oretic
Hydrochlorothiazide, Hydro-Par
Hydrochlorothiazide, Moduret
Captopril, Capoten
Captopril, Aceten
Captopril, Tensopril
Captopril, Captace
Captopril, Capozide
Captopril, Captopin
Captopril, Captoril
Captopril, Capril
Captopril, Captan
Captopril, Captril
Chlorphenamine, Piriton
Chlorphenamine, Aller-Chlor
Chlorphenamine, Chlor-Trimeton
Chlorphenamine, Histafen
Chlorphenamine, Chlorphen
Chlorphenamine, Allerest
Chlorphenamine, Histaprin
Chlorphenamine, Chlor-Tab
Chlorphenamine, Teldrin
Chlorphenamine, Chloromine
Azithromycin, Zithromax
Azithromycin, Azithrocin
Azithromycin, Sumamed
Azithromycin, Azax
Azithromycin, Aziwok
Azithromycin, Azicip
Azithromycin, Zmax
Azithromycin, Azee
Azithromycin, Azin
Azithromycin, Zitro
Enalapril, Vasotec
Enalapril, Renitec
Enalapril, Enap
Enalapril, Enahexal
Enalapril, Epaned
Enalapril, Pralenal
Enalapril, Envas
Enalapril, Enapril
Enalapril, Enaprex
Enalapril, Enalap
Clopidogrel, Plavix
Clopidogrel, Clopilet
Clopidogrel, Deplatt
Clopidogrel, Clopivas
Clopidogrel, Clopigrel
Clopidogrel, Ceruvin
Clopidogrel, Clopid
Clopidogrel, Clopitab
Clopidogrel, Clopirel
Amlodipine, Norvasc
Amlodipine, Amlong
Amlodipine, Stamlo
Amlodipine, Amlopres
Amlodipine, Amcard
Amlodipine, Amlodac
Amlodipine, Amlovas
Amlodipine, Amlod
Amlodipine, Amlosafe
Amlodipine, Amlodine
Simvastatin, Zocor
Simvastatin, Simlup
Simvastatin, Simvotin
Simvastatin, Simvacor
Simvastatin, Simcard
Simvastatin, Simlo
Simvastatin, Simvaxon
Simvastatin, Simvador
Simvastatin, Simvast
Ranitidine, Zantac
Ranitidine, Aciloc
Ranitidine, Rantac
Ranitidine, R-Loc
Ranitidine, Zinetac
Ranitidine, Rani 2
Ranitidine, Ranitin
Ranitidine, Ranidom
Ranitidine, Rantidine
Ranitidine, Ulcerid
Lisinopril, Prinivil
Lisinopril, Zestril
Lisinopril, Lisoril
Lisinopril, Hipril
Lisinopril, Linvas
Lisinopril, Lipril
Lisinopril, Zestoretic
Lisinopril, Listril
Lisinopril, Listril Plus
Lisinopril, Lisoril Plus
Losartan, Cozaar
Losartan, Losar
Losartan, Losar-H
Losartan, Losap
Losartan, Losanorm
Losartan, Losacar
Losartan, Losatan
Losartan, Losazide
Losartan, Losaril
Losartan, Losapil
Cefuroxime, Zinacef
Cefuroxime, Ceftin
Cefuroxime, Kefstar
Cefuroxime, Cefakind
Cefuroxime, Curam
Cefuroxime, Cefurox
Cefuroxime, Cefumax
Cefuroxime, Zefu
Cefuroxime, Cefzin
Cefuroxime, Cefawin
Levofloxacin, Levaquin
Levofloxacin, Tavanic
Levofloxacin, Levoday
Levofloxacin, Levobact
Levofloxacin, Levoquin
Levofloxacin, Levostar
Levofloxacin, Levoflox
Levofloxacin, Levoxin
Levofloxacin, Levomac
Levofloxacin, Levolet
Gentamicin, Garamycin
Gentamicin, Gentacin
Gentamicin, Cidomycin
Gentamicin, Genticyn
Gentamicin, Gentalline
Gentamicin, Gentalek
Gentamicin, G-Mycin
Gentamicin, Gentamed
Gentamicin, Refobacin
Gentamicin, Gentaswift
Prednisolone, Orapred
Prednisolone, Prelone
Prednisolone, Millipred
Prednisolone, Pediapred
Prednisolone, Cotolone
Prednisolone, Omnipred
Prednisolone, Predacort
Prednisolone, Predcor
Prednisolone, Predsol
Prednisolone, PredniTab
Fluconazole, Diflucan
Fluconazole, Trican
Fluconazole, Forcan
Fluconazole, Flucos
Fluconazole, Fluka
Fluconazole, Zocon
Fluconazole, Flunil
Fluconazole, Fluzole
Fluconazole, Flucored
Fluconazole, Flumet
Diclofenac, Voltaren
Diclofenac, Cataflam
Diclofenac, Diclomax
Diclofenac, Dicloflex
Diclofenac, Diclomol
Diclofenac, Diclonac
Diclofenac, Diclogesic
Diclofenac, Diclofen
Diclofenac, Dicloran
Diclofenac, Diclotal
Atorvastatin, Lipitor
Atorvastatin, Atorlip
Atorvastatin, Atorva
Atorvastatin, Sortis
Atorvastatin, Torvast
Atorvastatin, Atocor
Atorvastatin, Atorlipin
Atorvastatin, Atorfit
Atorvastatin, Tonact
Atorvastatin, Atorpic
Cefixime, Suprax
Cefixime, Zifi
Cefixime, Taxim-O
Cefixime, Cefspan
Cefixime, Mahacef
Cefixime, Cefix
Cefixime, Cefi
Cefixime, Fixime
Cefixime, Cefiget
Cefixime, Cefoprox
Nifedipine, Adalat
Nifedipine, Procardia
Nifedipine, Afeditab
Nifedipine, Nifecard
Nifedipine, Nifelat
Nifedipine, Nifed
Nifedipine, Nifecard XL
Nifedipine, Nifehexal
Nifedipine, Nifedil
Nifedipine, Nifedip
Spironolactone, Aldactone
Spironolactone, CaroSpir
Spironolactone, Spiractin
Spironolactone, Berlactone
Spironolactone, Spirolon
Spironolactone, Spirotone
Spironolactone, Spirobeta
Spironolactone, Spirozide
Spironolactone, Spiron
Spironolactone, Spirodactone
Loratadine, Claritin
Loratadine, Lorfast
Loratadine, Lorin
Loratadine, Lorid
Loratadine, Loratin
Loratadine, Loraday
Loratadine, Lorano
Loratadine, Lora-Tab
Loratadine, Lorhist
Loratadine, Lorallergy
Cotrimoxazole, Septrin
Cotrimoxazole, Bactrim
Cotrimoxazole, Cotrim
Cotrimoxazole, Sulfatrim
Cotrimoxazole, Resprim
Cotrimoxazole, Trimethoprim-Sulfamethoxazole
Cotrimoxazole, Cotrimox
Cotrimoxazole, MacroBID
Cotrimoxazole, Cotri DS
Cotrimoxazole, Cotrim Forte
Artemether/Lumefantrine, Coartem
Artemether/Lumefantrine, Artefan
Artemether/Lumefantrine, Lonart
Artemether/Lumefantrine, Riamet
Artemether/Lumefantrine, Malartin
Artemether/Lumefantrine, Falcimon
Artemether/Lumefantrine, Amatem
Artemether/Lumefantrine, Lumartem
Artemether/Lumefantrine, Alu
Artemether/Lumefantrine, Arsuamoon
Sulfamethoxazole/Trimethoprim, Bactrim
Sulfamethoxazole/Trimethoprim, Septrin
Sulfamethoxazole/Trimethoprim, Cotrim
Sulfamethoxazole/Trimethoprim, Resprim
Sulfamethoxazole/Trimethoprim, Trisul
Sulfamethoxazole/Trimethoprim, Sulfatrim
Sulfamethoxazole/Trimethoprim, Cotrimox
Sulfamethoxazole/Trimethoprim, Trizole
Sulfamethoxazole/Trimethoprim, Cotrim DS
Sulfamethoxazole/Trimethoprim, Cotri Forte
Rifampicin/Isoniazid/Pyrazinamide/Ethambutol, RHZE
Rifampicin/Isoniazid/Pyrazinamide/Ethambutol, Rifinah
Rifampicin/Isoniazid/Pyrazinamide/Ethambutol, Myrin-P Forte
Rifampicin/Isoniazid/Pyrazinamide/Ethambutol, Rimstar
Rifampicin/Isoniazid/Pyrazinamide/Ethambutol, Akurit 4
Rifampicin/Isoniazid/Pyrazinamide/Ethambutol, Forecox
Rifampicin/Isoniazid/Pyrazinamide/Ethambutol, R-Cinex
Rifampicin/Isoniazid/Pyrazinamide/Ethambutol, Quadtab
Rifampicin/Isoniazid/Pyrazinamide/Ethambutol, Rifazid
Rifampicin/Isoniazid/Pyrazinamide/Ethambutol, Rifampin Combo
Tenofovir/Lamivudine/Dolutegravir, TLD
Tenofovir/Lamivudine/Dolutegravir, Telura
Tenofovir/Lamivudine/Dolutegravir, Ricovir-LT
Tenofovir/Lamivudine/Dolutegravir, Tenolam E
Tenofovir/Lamivudine/Dolutegravir, Tenvir-LD
Tenofovir/Lamivudine/Dolutegravir, Tavin-EM
Tenofovir/Lamivudine/Dolutegravir, Tenof EM
Tenofovir/Lamivudine/Dolutegravir, Tenolam D
Tenofovir/Lamivudine/Dolutegravir, Trustiva
Tenofovir/Lamivudine/Dolutegravir, Viraday
Amoxicillin/Clavulanic acid, Augmentin
Amoxicillin/Clavulanic acid, Clavamox
Amoxicillin/Clavulanic acid, Curam
Amoxicillin/Clavulanic acid, Amoclan
Amoxicillin/Clavulanic acid, Clavulin
Amoxicillin/Clavulanic acid, Synulox
Amoxicillin/Clavulanic acid, Clavam
Amoxicillin/Clavulanic acid, Moxclav
Amoxicillin/Clavulanic acid, Amoxycure-CV
Amoxicillin/Clavulanic acid, Amoxilav
Insulin (Human), Actrapid
Insulin (Human), Mixtard
Insulin (Human), Humulin
Insulin (Human), Novolin
Insulin (Human), Insuman
Insulin (Human), Lantus
Insulin (Human), Levemir
Insulin (Human), Basaglar
Insulin (Human), Tresiba
Insulin (Human), Toujeo
Metronidazole, Flagyl
Metronidazole, Metrogyl
Metronidazole, Trikozol
Metronidazole, Nidazole
Metronidazole, Metrozine
Metronidazole, Protostat
Metronidazole, Metizol
Metronidazole, Efloran
Metronidazole, Rozex
Metronidazole, Vandazole
Paracetamol, Panadol Extra
Paracetamol, Hedex
Paracetamol, DawaPar
Paracetamol, Paralief
Paracetamol, Medinol
Paracetamol, Paracare
Paracetamol, Taminol
Paracetamol, Parapain
Paracetamol, Paramol
Paracetamol, Paracip
Ibuprofen, Advil Liqui-Gels
Ibuprofen, Ibufen
Ibuprofen, Nurofen Express
Ibuprofen, Brufen Junior
Ibuprofen, Doloraz
Ibuprofen, Motrin IB
Ibuprofen, Ibumetin
Ibuprofen, Ibugel
Ibuprofen, IbuTab
Ibuprofen, Ibuhexal
Omeprazole, Omezol
Omeprazole, Omecap
Omeprazole, Omeran
Omeprazole, Omez
Omeprazole, Omezac
Omeprazole, Omezole
Omeprazole, Omeran
Omeprazole, Omep
Omeprazole, Omeday
Omeprazole, Omed
Hydrochlorothiazide, Hydrochlor
Hydrochlorothiazide, Dichlotride
Hydrochlorothiazide, HydroSaluric
Hydrochlorothiazide, Esidrex
Hydrochlorothiazide, Hydro-Par
Hydrochlorothiazide, HCTZ
Hydrochlorothiazide, Hydrodiuril
Hydrochlorothiazide, Apo-Hydro
Hydrochlorothiazide, Microzide
Hydrochlorothiazide, Urozide
